array_id,dataset,contaminant,task_order,fold_id,material_group,material_group_code,test_n,test_response_variance,test_r2_diagnostic,test_mae,test_rmse,selected_model,selected_params,inner_cv_r2,inner_cv_mae,inner_cv_rmse,inner_cv_group_mae,inner_cv_group_rmse,selection_metric,selection_source
1,Dataset I,Cd (II),1,1,Zama2017::BWH350,0,3,2.2222222222222196e-09,-2327.2179658537166,0.0021771916594666,0.0022746027569439,XGB,"{""colsample_bytree"": 0.9, ""learning_rate"": 0.05, ""max_depth"": 5, ""min_child_weight"": 1, ""n_estimators"": 800, ""subsample"": 0.9}",0.3063172813398703,0.1287028130200999,0.2101756371954834,0.0685030840799303,0.1446041408710595,group_mae,nested group-preserving selection by mean group-balanced MAE
2,Dataset I,Cd (II),1,2,Zama2017::BWH450,1,3,2.16e-06,-548.6265297798088,0.0344525498489538,0.034455671584289,XGB,"{""colsample_bytree"": 0.9, ""learning_rate"": 0.05, ""max_depth"": 5, ""min_child_weight"": 1, ""n_estimators"": 800, ""subsample"": 0.9}",0.2990495124929148,0.1294246059860726,0.2125125601663325,0.0690025250968348,0.1462057830396927,group_mae,nested group-preserving selection by mean group-balanced MAE
3,Dataset I,Cd (II),1,3,Zama2017::BWH550,2,3,4.200000000000001e-07,-1843.8583475727917,0.0278293053915103,0.0278359570695992,XGB,"{""colsample_bytree"": 0.9, ""learning_rate"": 0.05, ""max_depth"": 5, ""min_child_weight"": 1, ""n_estimators"": 800, ""subsample"": 0.9}",0.2675747303963116,0.1322726891560641,0.2138795180992203,0.069705342300575,0.1467283800998647,group_mae,nested group-preserving selection by mean group-balanced MAE
4,Dataset I,Cd (II),1,4,Zama2017::BWH650,3,3,6.688888888888888e-07,-14227.677184305368,0.0975557316025098,0.0975571836010485,XGB,"{""colsample_bytree"": 0.9, ""learning_rate"": 0.05, ""max_depth"": 5, ""min_child_weight"": 1, ""n_estimators"": 800, ""subsample"": 0.9}",0.1892060823773875,0.1351596023502143,0.2196364638210269,0.0667589316055442,0.1477663054146593,group_mae,nested group-preserving selection by mean group-balanced MAE
5,Dataset I,Cd (II),1,5,Zama2017::CC350,4,3,3.088888888888889e-07,-3.5161621395855294,0.0009196463843807,0.0011810979236873,XGB,"{""colsample_bytree"": 0.9, ""learning_rate"": 0.05, ""max_depth"": 5, ""min_child_weight"": 1, ""n_estimators"": 800, ""subsample"": 0.9}",0.1953026052196834,0.1339644679275827,0.21683656007789,0.0670722236883882,0.1458004870876943,group_mae,nested group-preserving selection by mean group-balanced MAE
6,Dataset I,Cd (II),1,6,Zama2017::CC450,5,3,1.0888888888888893e-07,-160.98524450180972,0.0041572757537166,0.0041998087206677,XGB,"{""colsample_bytree"": 0.9, ""learning_rate"": 0.05, ""max_depth"": 5, ""min_child_weight"": 1, ""n_estimators"": 800, ""subsample"": 0.9}",0.1995035450728588,0.1337276563659692,0.2157186368138446,0.0667145542702801,0.1452877504851188,group_mae,nested group-preserving selection by mean group-balanced MAE
7,Dataset I,Cd (II),1,7,Zama2017::CC550,6,3,1.8155555555555556e-06,0.4013278981087206,0.0009738870843003,0.0010425557349824,XGB,"{""colsample_bytree"": 0.9, ""learning_rate"": 0.05, ""max_depth"": 5, ""min_child_weight"": 1, ""n_estimators"": 800, ""subsample"": 0.9}",0.1973569579720711,0.1335725206455275,0.2163302775376435,0.0662339561060495,0.1454587455699633,group_mae,nested group-preserving selection by mean group-balanced MAE
8,Dataset I,Cd (II),1,8,Zama2017::CC650,7,3,3.266666666666667e-07,-2.525119413184412,0.000781487880585,0.0010730978558858,XGB,"{""colsample_bytree"": 0.9, ""learning_rate"": 0.05, ""max_depth"": 5, ""min_child_weight"": 1, ""n_estimators"": 800, ""subsample"": 0.9}",0.1927018575166867,0.1339217881301159,0.2165562551532604,0.0664541726593912,0.1457787147721829,group_mae,nested group-preserving selection by mean group-balanced MAE
9,Dataset I,Cd (II),1,9,Zama2017::MW350,8,3,1.1266666666666663e-06,-56.032436244768974,0.0079886523370941,0.0080160180161831,XGB,"{""colsample_bytree"": 0.9, ""learning_rate"": 0.05, ""max_depth"": 5, ""min_child_weight"": 1, ""n_estimators"": 800, ""subsample"": 0.9}",0.1905214586280092,0.1344252952897108,0.2168455100752117,0.067222840864783,0.145868991079962,group_mae,nested group-preserving selection by mean group-balanced MAE
10,Dataset I,Cd (II),1,10,Zama2017::MW450,9,3,2.866666666666666e-07,-2.4699378577044757,0.0009903591225544,0.0009973542596332,XGB,"{""colsample_bytree"": 0.9, ""learning_rate"": 0.05, ""max_depth"": 5, ""min_child_weight"": 1, ""n_estimators"": 800, ""subsample"": 0.9}",0.1863204584538009,0.1358479098936825,0.2175950468074948,0.0678892286654312,0.14629857760803,group_mae,nested group-preserving selection by mean group-balanced MAE
11,Dataset I,Cd (II),1,11,Zama2017::MW550,10,3,4.822222222222225e-07,-97.79671832581678,0.0068811135013898,0.0069023164995049,XGB,"{""colsample_bytree"": 0.9, ""learning_rate"": 0.05, ""max_depth"": 5, ""min_child_weight"": 1, ""n_estimators"": 800, ""subsample"": 0.9}",0.1959665507207847,0.1339780473745509,0.2164824146305611,0.0666365807327529,0.1456009349031044,group_mae,nested group-preserving selection by mean group-balanced MAE
12,Dataset I,Cd (II),1,12,Zama2017::MW650,11,3,2.202222222222222e-06,-4.720013844761482,0.0034535244919359,0.0035491888651285,XGB,"{""colsample_bytree"": 0.9, ""learning_rate"": 0.05, ""max_depth"": 5, ""min_child_weight"": 1, ""n_estimators"": 800, ""subsample"": 0.9}",0.1970034788100608,0.1332662565456137,0.2159016891016368,0.0661209157129933,0.1453521145475643,group_mae,nested group-preserving selection by mean group-balanced MAE
13,Dataset I,Cd (II),1,13,Zama2017::PS350,12,3,2.042222222222223e-06,-32.28103228485035,0.0082137662254273,0.0082442260831818,XGB,"{""colsample_bytree"": 0.9, ""learning_rate"": 0.05, ""max_depth"": 5, ""min_child_weight"": 1, ""n_estimators"": 800, ""subsample"": 0.9}",0.1980163740782435,0.1334371011192766,0.2156477615502421,0.0663125676481012,0.1453296859107422,group_mae,nested group-preserving selection by mean group-balanced MAE
14,Dataset I,Cd (II),1,14,Zama2017::PS450,13,3,2.0422222222222217e-06,-1.4689369194890638,0.0021735063044975,0.0022454660634811,XGB,"{""colsample_bytree"": 0.9, ""learning_rate"": 0.05, ""max_depth"": 5, ""min_child_weight"": 1, ""n_estimators"": 800, ""subsample"": 0.9}",0.2001709117330539,0.1337356055823544,0.2153845663411898,0.0671529900738577,0.1448903193759357,group_mae,nested group-preserving selection by mean group-balanced MAE
15,Dataset I,Cd (II),1,15,Zama2017::PS550,14,3,1.815555555555557e-06,-9.269316411953476,0.004244960412383,0.0043179294185384,XGB,"{""colsample_bytree"": 0.9, ""learning_rate"": 0.05, ""max_depth"": 5, ""min_child_weight"": 1, ""n_estimators"": 800, ""subsample"": 0.9}",0.1920597160959933,0.1340579498135007,0.2165133815600197,0.0664395731611305,0.1455639403235791,group_mae,nested group-preserving selection by mean group-balanced MAE
16,Dataset I,Cd (II),1,16,Zama2017::PS650,15,3,6.866666666666667e-07,-14543.621067234262,0.0999357872724533,0.0999365121773195,XGB,"{""colsample_bytree"": 0.9, ""learning_rate"": 0.05, ""max_depth"": 7, ""min_child_weight"": 1, ""n_estimators"": 800, ""subsample"": 0.9}",-0.1216651412717064,0.1508282126410823,0.2382919464450871,0.0709802315723033,0.1600139334278671,group_mae,nested group-preserving selection by mean group-balanced MAE
17,Dataset I,Cd (II),1,17,Cui2016_Canna::CI300,16,6,0.0203160488888888,0.3138530213409169,0.1139824336051941,0.1180669113824924,XGB,"{""colsample_bytree"": 0.9, ""learning_rate"": 0.03, ""max_depth"": 3, ""min_child_weight"": 1, ""n_estimators"": 800, ""subsample"": 0.9}",0.2262276762564127,0.1305152782110134,0.2117985640400717,0.0657497809196252,0.1412714263236795,group_mae,nested group-preserving selection by mean group-balanced MAE
18,Dataset I,Cd (II),1,18,Cui2016_Canna::CI400,17,6,0.0338304958333333,0.3563286104498127,0.142622126062711,0.1475659929055928,XGB,"{""colsample_bytree"": 0.9, ""learning_rate"": 0.03, ""max_depth"": 7, ""min_child_weight"": 3, ""n_estimators"": 800, ""subsample"": 0.9}",-0.3198831807454864,0.1345592678169525,0.2228368979171325,0.0655066823140687,0.1480436882913289,group_mae,nested group-preserving selection by mean group-balanced MAE
19,Dataset I,Cd (II),1,19,Cui2016_Canna::CI500,18,6,0.0445758480555555,-7.108213211586561,0.5892742744189979,0.6011908849290137,RF,"{""max_depth"": null, ""max_features"": 1.0, ""min_samples_leaf"": 1, ""n_estimators"": 1500}",-0.7080004450842684,0.1399494390357655,0.2293550049553737,0.0639730253794556,0.1527192096114403,group_mae,nested group-preserving selection by mean group-balanced MAE
20,Dataset I,Cd (II),1,20,Cui2016_Canna::CI600,19,6,0.0508163533333333,-0.4151196739235903,0.2649082078403049,0.2681626770433437,RF,"{""max_depth"": null, ""max_features"": 1.0, ""min_samples_leaf"": 4, ""n_estimators"": 300}",-1.032644658701837,0.1476139456597129,0.2462877943273904,0.0682151894842333,0.1658497096568186,group_mae,nested group-preserving selection by mean group-balanced MAE
21,Dataset I,Cd (II),1,21,Cui2016_Wetland::TD500,20,3,0.0009765622222222,-39.20407381303095,0.1974921277999878,0.1981458545244884,XGB,"{""colsample_bytree"": 0.9, ""learning_rate"": 0.03, ""max_depth"": 3, ""min_child_weight"": 1, ""n_estimators"": 800, ""subsample"": 0.9}",0.074801730577093,0.1362850480447322,0.225374595464954,0.066249130307033,0.1518632597796819,group_mae,nested group-preserving selection by mean group-balanced MAE
22,Dataset I,Cd (II),1,22,Cui2016_Wetland::PA500,21,3,0.0016552688888888,0.4053410129699225,0.0278611746152242,0.0313738827805719,XGB,"{""colsample_bytree"": 0.9, ""learning_rate"": 0.05, ""max_depth"": 5, ""min_child_weight"": 1, ""n_estimators"": 800, ""subsample"": 0.9}",0.0810545738366625,0.1434592102873415,0.232886638755655,0.0724653881068047,0.1602855012627745,group_mae,nested group-preserving selection by mean group-balanced MAE
23,Dataset I,Cd (II),1,23,Cui2016_Wetland::ZC500,22,4,0.0053786468749999,-0.9897871167165352,0.0823852052532136,0.1034522220991055,XGB,"{""colsample_bytree"": 0.9, ""learning_rate"": 0.1, ""max_depth"": 7, ""min_child_weight"": 1, ""n_estimators"": 800, ""subsample"": 0.9}",0.0623940990546389,0.1390868114720162,0.2256252772987549,0.0687978727062564,0.1544353073561038,group_mae,nested group-preserving selection by mean group-balanced MAE
24,Dataset I,Cd (II),1,24,Cui2016_Wetland::VZ500,23,4,0.0030750125,-5.11711662604555,0.1221809908956289,0.1371503193180675,XGB,"{""colsample_bytree"": 0.9, ""learning_rate"": 0.05, ""max_depth"": 3, ""min_child_weight"": 1, ""n_estimators"": 800, ""subsample"": 0.9}",0.1630402163701819,0.127878512329238,0.212399840006965,0.0652951821230428,0.1457040370441872,group_mae,nested group-preserving selection by mean group-balanced MAE
25,Dataset I,Cd (II),1,25,Gao2019::RS300,24,16,0.05341422109375,0.7324590505885541,0.0985106648813933,0.119542843464152,XGB,"{""colsample_bytree"": 0.9, ""learning_rate"": 0.1, ""max_depth"": 3, ""min_child_weight"": 1, ""n_estimators"": 300, ""subsample"": 0.9}",-0.4069341013154298,0.1321583681459063,0.2135829328697208,0.0656999506614347,0.1458218083699738,group_mae,nested group-preserving selection by mean group-balanced MAE
26,Dataset I,Cd (II),1,26,Gao2019::RS500,25,16,0.0787217240234375,0.8293554717270607,0.0991113454931256,0.1159026809906138,RF,"{""max_depth"": 18, ""max_features"": 1.0, ""min_samples_leaf"": 1, ""n_estimators"": 1500}",-1.3807647231719309,0.1591673960326199,0.2647085984994451,0.0706815258235527,0.1691498667439322,group_mae,nested group-preserving selection by mean group-balanced MAE
27,Dataset I,Cd (II),1,27,Gao2019::RS700,26,16,0.1173290090234375,0.7257351457901324,0.1530180958874523,0.1793856838055961,XGB,"{""colsample_bytree"": 0.9, ""learning_rate"": 0.1, ""max_depth"": 5, ""min_child_weight"": 1, ""n_estimators"": 800, ""subsample"": 0.9}",-0.3043045432720972,0.137322702322253,0.2294527732179603,0.0694500549020294,0.1570681122619556,group_mae,nested group-preserving selection by mean group-balanced MAE
28,Dataset I,Cd (II),1,28,Trakal2014::NS600,27,1,0.0,,0.0006746602159998,0.0006746602159998,RF,"{""max_depth"": 18, ""max_features"": 1.0, ""min_samples_leaf"": 1, ""n_estimators"": 1500}",-1.4293964637344303,0.1782342842606689,0.2941829299317128,0.0881994062495389,0.212580994952451,group_mae,nested group-preserving selection by mean group-balanced MAE
29,Dataset I,Cd (II),1,29,Trakal2014::WS600,28,1,0.0,,0.0534439419899999,0.0534439419899999,RF,"{""max_depth"": 18, ""max_features"": 1.0, ""min_samples_leaf"": 1, ""n_estimators"": 300}",-1.4353232142035224,0.1784995976960822,0.2936756568720539,0.0873822099653548,0.2128561069222844,group_mae,nested group-preserving selection by mean group-balanced MAE
30,Dataset I,Cd (II),1,30,Trakal2014::GS600,29,1,0.0,,0.0349390270666666,0.0349390270666666,RF,"{""max_depth"": null, ""max_features"": 1.0, ""min_samples_leaf"": 1, ""n_estimators"": 300}",-1.4309913654288775,0.1778901802378664,0.2925936421692983,0.0869183446160367,0.211148392031149,group_mae,nested group-preserving selection by mean group-balanced MAE
31,Dataset I,Cd (II),1,31,Trakal2014::GH600,30,1,0.0,,0.0542795787433332,0.0542795787433332,RF,"{""max_depth"": null, ""max_features"": 1.0, ""min_samples_leaf"": 1, ""n_estimators"": 300}",-1.4263316351684594,0.1779806865944672,0.2930123391044869,0.086978839024894,0.2113135403879767,group_mae,nested group-preserving selection by mean group-balanced MAE
32,Dataset I,Cd (II),1,32,Trakal2014::PS600,31,1,0.0,,0.0125728021866666,0.0125728021866666,RF,"{""max_depth"": 18, ""max_features"": 1.0, ""min_samples_leaf"": 1, ""n_estimators"": 300}",-1.430859747142355,0.1781151421593044,0.293820444700834,0.0873658654422605,0.212136675563429,group_mae,nested group-preserving selection by mean group-balanced MAE
33,Dataset I,Cd (II),1,33,Alves2021::SWB 800- i,32,5,0.0002316870892614,0.9787386287400628,0.0012760702659999,0.0022194560642015,RF,"{""max_depth"": null, ""max_features"": 1.0, ""min_samples_leaf"": 1, ""n_estimators"": 300}",-1.7730363761130443,0.1814973392184252,0.2982151485783689,0.0875936611745994,0.2125471570399425,group_mae,nested group-preserving selection by mean group-balanced MAE
34,Dataset I,Cd (II),1,34,Alves2021::SWB 650,33,5,2.09703586383976e-06,-21.79229813854024,0.0047035068588876,0.0069134844048314,RF,"{""max_depth"": null, ""max_features"": 1.0, ""min_samples_leaf"": 2, ""n_estimators"": 300}",-1.725350388376199,0.1811947480677065,0.2958353175758544,0.0876476176032579,0.2099586497312624,group_mae,nested group-preserving selection by mean group-balanced MAE
35,Dataset I,Cd (II),1,35,Alves2021::SWB 650 - m1,34,5,2.965348935874616e-05,0.9665548935509956,0.0008592171337499,0.0009958735402588,RF,"{""max_depth"": null, ""max_features"": 1.0, ""min_samples_leaf"": 1, ""n_estimators"": 800}",-1.6867805626664911,0.1806229744684555,0.2968223654464074,0.0880362640300764,0.212658822164411,group_mae,nested group-preserving selection by mean group-balanced MAE
36,Dataset I,Cd (II),1,36,Alves2021::SWB 500,35,5,2.74616789283952e-05,0.1169472386230467,0.0040417358641333,0.0049244402128329,RF,"{""max_depth"": null, ""max_features"": 1.0, ""min_samples_leaf"": 1, ""n_estimators"": 1500}",-1.7033998102221126,0.1809120216690249,0.2968972005813429,0.0881360064557096,0.2131016567669155,group_mae,nested group-preserving selection by mean group-balanced MAE
37,Dataset I,Cd (II),1,37,Alves2021::ASB 500 - 1,36,5,0.0002169526985063,0.9590776592098254,0.0016805670046666,0.0029796329075284,RF,"{""max_depth"": null, ""max_features"": 1.0, ""min_samples_leaf"": 1, ""n_estimators"": 300}",-1.79990599433919,0.1809032940015969,0.2968742398668219,0.0876438667951609,0.2135406937374697,group_mae,nested group-preserving selection by mean group-balanced MAE
38,Dataset I,Cd (II),1,38,Alves2021::ASB 500 - 2,37,5,7.651034906771679e-05,0.6531336745406062,0.00372060736975,0.0051515884580131,RF,"{""max_depth"": null, ""max_features"": 1.0, ""min_samples_leaf"": 1, ""n_estimators"": 800}",-1.6834613411323054,0.1801780654850939,0.2961849204343812,0.0878656653967029,0.2126642333201266,group_mae,nested group-preserving selection by mean group-balanced MAE
39,Dataset I,Cd (II),1,39,Alves2021::WSB 500,38,5,2.443470946097584e-05,0.0387810253643995,0.0024524232499999,0.0048463497989309,RF,"{""max_depth"": 18, ""max_features"": 1.0, ""min_samples_leaf"": 1, ""n_estimators"": 800}",-1.690478756769752,0.180857016290744,0.2972449940231631,0.088060313146152,0.2125387081923445,group_mae,nested group-preserving selection by mean group-balanced MAE
40,Dataset I,Cd (II),1,40,Alves2021::WSB 900,39,5,0.0002022651455329,0.9406774553490608,0.00280207377825,0.0034639404046847,RF,"{""max_depth"": 18, ""max_features"": 1.0, ""min_samples_leaf"": 1, ""n_estimators"": 800}",-1.6819480888726002,0.180309614618375,0.2965943484580113,0.0877625313303726,0.2122476896343701,group_mae,nested group-preserving selection by mean group-balanced MAE
41,Dataset I,Cd (II),1,41,Alves2021::WSB 700 - 6 0,40,5,8.12666891760544e-06,-6.7508014531919285,0.0065304399326666,0.0079365103953933,RF,"{""max_depth"": null, ""max_features"": 1.0, ""min_samples_leaf"": 1, ""n_estimators"": 300}",-1.7439340021390155,0.1815904787043565,0.2981765981349329,0.0877753687786637,0.2135891742291087,group_mae,nested group-preserving selection by mean group-balanced MAE
42,Dataset I,Cd (II),1,42,Alves2021::WSB 700 - 9 0,41,5,1.223233135821296e-05,0.7992744963567657,0.0013086556306666,0.0015669527346439,RF,"{""max_depth"": null, ""max_features"": 1.0, ""min_samples_leaf"": 1, ""n_estimators"": 300}",-1.740109038559348,0.1815595028564699,0.2982119341674841,0.0878840188953525,0.2135823535986922,group_mae,nested group-preserving selection by mean group-balanced MAE
43,Dataset I,Cd (II),1,43,Alves2021::SSB 450,42,5,0.0001321564382068,0.8576440428128891,0.0022849785179999,0.0043374250724791,RF,"{""max_depth"": null, ""max_features"": 1.0, ""min_samples_leaf"": 1, ""n_estimators"": 300}",-1.77822626179044,0.1817022790303343,0.298644722755392,0.0878382030429208,0.21381637228739,group_mae,nested group-preserving selection by mean group-balanced MAE
44,Dataset I,Cd (II),1,44,Alves2021::SSB 700,43,5,0.0002380612559567,0.7289164089032838,0.0051157826593333,0.0080333368014641,RF,"{""max_depth"": 18, ""max_features"": 1.0, ""min_samples_leaf"": 1, ""n_estimators"": 300}",-1.7652177069897106,0.1809204539218784,0.2964247978895376,0.0875632236643082,0.2126075894750571,group_mae,nested group-preserving selection by mean group-balanced MAE
45,Dataset I,Cd (II),1,45,Alves2021::CSB 600,44,5,0.0001861022458471,0.805195140704163,0.0036065517293333,0.0060210980574055,RF,"{""max_depth"": 18, ""max_features"": 1.0, ""min_samples_leaf"": 1, ""n_estimators"": 300}",-1.7703090682852398,0.1806748637745019,0.2969757417926623,0.0872163939556982,0.2124580807084973,group_mae,nested group-preserving selection by mean group-balanced MAE
46,Dataset I,Cd (II),1,46,Alves2021::CSB 600 - m 1,45,5,2.9057455085299207e-05,0.7804897452205642,0.0021646554438077,0.0025255513000166,RF,"{""max_depth"": 18, ""max_features"": 1.0, ""min_samples_leaf"": 1, ""n_estimators"": 800}",-1.683593978176523,0.1793312075245032,0.2950934376157678,0.0873513206728207,0.2111462426945699,group_mae,nested group-preserving selection by mean group-balanced MAE
47,Dataset I,Cd (II),1,47,Alves2021::CSB 600 - m 2,46,5,0.0002220954586417,0.8352024004660292,0.00347723107625,0.0060498593745274,RF,"{""max_depth"": null, ""max_features"": 1.0, ""min_samples_leaf"": 1, ""n_estimators"": 800}",-1.6921135281491644,0.1795979266241753,0.2951365645849272,0.0872669989311805,0.2112145476942747,group_mae,nested group-preserving selection by mean group-balanced MAE
48,Dataset I,Cd (II),1,48,Alves2021::CSB 600 - m 3,47,5,0.000190951445132,0.8910947953275012,0.0031526075213333,0.004560219974367,RF,"{""max_depth"": 18, ""max_features"": 1.0, ""min_samples_leaf"": 1, ""n_estimators"": 300}",-1.777531979750799,0.1815297768141294,0.2975002902240237,0.0880275207448393,0.2134288597104766,group_mae,nested group-preserving selection by mean group-balanced MAE
49,Dataset I,Cd (II),1,49,Wang2021_invasive::BBC500,48,14,0.2187579381651902,0.389205312085658,0.2519345309295531,0.3655354792224584,RF,"{""max_depth"": null, ""max_features"": 1.0, ""min_samples_leaf"": 1, ""n_estimators"": 800}",-1.9991516703737289,0.152859436507816,0.2486938941385703,0.0634198778393008,0.1612905569812104,group_mae,nested group-preserving selection by mean group-balanced MAE
50,Dataset I,Cd (II),1,50,Wang2021_invasive::PBC500,49,14,0.1424696696038526,0.650574946539306,0.1404276477076187,0.223119859980804,RF,"{""max_depth"": 18, ""max_features"": 1.0, ""min_samples_leaf"": 1, ""n_estimators"": 300}",-1.581303064813969,0.1578277452613431,0.2643066793284585,0.0675207656419262,0.1657397396329779,group_mae,nested group-preserving selection by mean group-balanced MAE
51,Dataset I,Cd (II),1,51,Wang2021_invasive::IBC500,50,14,0.0482441818952998,0.8432737330276241,0.0657618528056167,0.0869547614083704,RF,"{""max_depth"": null, ""max_features"": 1.0, ""min_samples_leaf"": 1, ""n_estimators"": 1500}",-1.326203028466867,0.1526328380075808,0.250238848099811,0.0671448536574705,0.1606132384855893,group_mae,nested group-preserving selection by mean group-balanced MAE
52,Dataset I,Cd (II),1,52,Wang2021_invasive::MBC500,51,14,0.0621109327414989,-0.4636218975361013,0.2126765004090483,0.3015077465619248,RF,"{""max_depth"": null, ""max_features"": 1.0, ""min_samples_leaf"": 1, ""n_estimators"": 300}",-1.048638670270341,0.1408832862253725,0.2326879944594565,0.0613895039865495,0.148507293555765,group_mae,nested group-preserving selection by mean group-balanced MAE
53,Dataset I,Cd (II),1,53,Wang2021_invasive::LBC500,52,14,0.0227265817979529,-3.870558577215066,0.2364200245228364,0.3327027921535971,XGB,"{""colsample_bytree"": 0.9, ""learning_rate"": 0.1, ""max_depth"": 5, ""min_child_weight"": 1, ""n_estimators"": 800, ""subsample"": 0.9}",0.0085050017595022,0.114509787453825,0.1800397441828739,0.0601311571435088,0.1272073909437455,group_mae,nested group-preserving selection by mean group-balanced MAE
54,Dataset I,Cd (II),1,54,Huang2021::RSB,53,31,0.0214347937161477,-0.2127491203114957,0.1267254857178023,0.1612297343026915,XGB,"{""colsample_bytree"": 0.9, ""learning_rate"": 0.05, ""max_depth"": 3, ""min_child_weight"": 1, ""n_estimators"": 800, ""subsample"": 0.9}",-50.72104841248287,0.136555451882128,0.2311252254313179,0.0668335683169212,0.1474024227795015,group_mae,nested group-preserving selection by mean group-balanced MAE
55,Dataset I,Cd (II),1,55,Huang2021::SSB,54,34,0.0003010000921212,-2304.3138193217023,0.7035721644512747,0.8330064057282149,RF,"{""max_depth"": 18, ""max_features"": 1.0, ""min_samples_leaf"": 1, ""n_estimators"": 300}",0.6095128791264954,0.1017699069940625,0.1933227313940962,0.0597559407473758,0.1453090346847231,group_mae,nested group-preserving selection by mean group-balanced MAE
56,Dataset I,Pb (II),2,1,Li2018::WS600,0,7,0.0181150048979591,0.7111300637342763,0.0533906887224742,0.0723386501831955,XGB,"{""colsample_bytree"": 0.9, ""learning_rate"": 0.1, ""max_depth"": 3, ""min_child_weight"": 3, ""n_estimators"": 800, ""subsample"": 0.9}",0.2088546535163145,0.0436962934453471,0.0826597153010411,0.0499767948165667,0.1010742558283104,group_mae,nested group-preserving selection by mean group-balanced MAE
57,Dataset I,Pb (II),2,2,Li2018::RH600,1,7,0.0031153926530612,-17.013557984268267,0.2231140375784465,0.236895137560233,XGB,"{""colsample_bytree"": 0.9, ""learning_rate"": 0.05, ""max_depth"": 3, ""min_child_weight"": 1, ""n_estimators"": 800, ""subsample"": 0.9}",0.4974029617232595,0.0450992497838199,0.0769370308183263,0.0490208708807559,0.0933110945972397,group_mae,nested group-preserving selection by mean group-balanced MAE
58,Dataset I,Pb (II),2,3,Zama2017::BWH350,2,3,6.02222222222222e-07,0.847842173460303,0.0002334474821885,0.0003027091416314,XGB,"{""colsample_bytree"": 0.9, ""learning_rate"": 0.1, ""max_depth"": 7, ""min_child_weight"": 1, ""n_estimators"": 800, ""subsample"": 0.9}",0.1312810312065233,0.054665483328091,0.0914866212868269,0.0512054966516338,0.1015514504576902,group_mae,nested group-preserving selection by mean group-balanced MAE
59,Dataset I,Pb (II),2,4,Zama2017::BWH450,3,3,6.02222222222222e-07,-225.24601191466772,0.0116676393349965,0.0116726336387366,XGB,"{""colsample_bytree"": 0.9, ""learning_rate"": 0.1, ""max_depth"": 7, ""min_child_weight"": 1, ""n_estimators"": 800, ""subsample"": 0.9}",0.1301557064544547,0.0546326522247591,0.0914416105262166,0.0512689350197266,0.1010461012925723,group_mae,nested group-preserving selection by mean group-balanced MAE
60,Dataset I,Pb (II),2,5,Zama2017::BWH550,4,3,6.02222222222222e-07,-265.2639645386723,0.0126598641405502,0.0126629410652572,XGB,"{""colsample_bytree"": 0.9, ""learning_rate"": 0.1, ""max_depth"": 3, ""min_child_weight"": 3, ""n_estimators"": 800, ""subsample"": 0.9}",0.1428915235388013,0.0520559365013063,0.0883279959135333,0.0518349452987072,0.100071830440036,group_mae,nested group-preserving selection by mean group-balanced MAE
61,Dataset I,Pb (II),2,6,Zama2017::BWH650,5,3,6.02222222222222e-07,-2536.8748793287573,0.0390926459312439,0.0390943045666669,XGB,"{""colsample_bytree"": 0.9, ""learning_rate"": 0.1, ""max_depth"": 3, ""min_child_weight"": 3, ""n_estimators"": 800, ""subsample"": 0.9}",-0.0079492068785906,0.0520855113557838,0.0915408840888877,0.0537099977315101,0.1033101447051703,group_mae,nested group-preserving selection by mean group-balanced MAE
62,Dataset I,Pb (II),2,7,Zama2017::CC350,6,3,6.02222222222222e-07,-97.35431547627807,0.0076819436506768,0.007696177910578,LGBM,"{""learning_rate"": 0.05, ""max_depth"": -1, ""min_child_samples"": 20, ""n_estimators"": 800, ""num_leaves"": 31, ""subsample"": 0.9}",-1.0809854678574855,0.0577039615913512,0.0887859903627803,0.0515219231326329,0.094066815405938,group_mae,nested group-preserving selection by mean group-balanced MAE
63,Dataset I,Pb (II),2,8,Zama2017::CC450,7,3,6.02222222222222e-07,-213.63753809847455,0.0113599110579871,0.0113692345901547,LGBM,"{""learning_rate"": 0.03, ""max_depth"": -1, ""min_child_samples"": 20, ""n_estimators"": 800, ""num_leaves"": 31, ""subsample"": 0.9}",-0.9221363402108846,0.057361584710303,0.0859815579138509,0.0512615638596661,0.0903996669636216,group_mae,nested group-preserving selection by mean group-balanced MAE
64,Dataset I,Pb (II),2,9,Zama2017::CC550,8,3,5.422222222222222e-07,0.9720800382513533,0.0001092444444444,0.0001230399272744,RF,"{""max_depth"": null, ""max_features"": 1.0, ""min_samples_leaf"": 1, ""n_estimators"": 1500}",-0.4306833051986187,0.061974256740149,0.1020115219973295,0.0531587742078083,0.1087998415484335,group_mae,nested group-preserving selection by mean group-balanced MAE
65,Dataset I,Pb (II),2,10,Zama2017::CC650,9,3,5.400000000000002e-07,-342.2252131907061,0.0135741553884812,0.013614022738448,LGBM,"{""learning_rate"": 0.03, ""max_depth"": -1, ""min_child_samples"": 20, ""n_estimators"": 800, ""num_leaves"": 31, ""subsample"": 0.9}",-0.9776656302564348,0.0584684662691158,0.0896690878295254,0.0531835893103739,0.0958339204672288,group_mae,nested group-preserving selection by mean group-balanced MAE
66,Dataset I,Pb (II),2,11,Zama2017::MW350,10,3,6.02222222222222e-07,-759.6777927544202,0.0214030762723439,0.0214032023479586,LGBM,"{""learning_rate"": 0.05, ""max_depth"": -1, ""min_child_samples"": 5, ""n_estimators"": 800, ""num_leaves"": 31, ""subsample"": 0.9}",-0.4626455895931728,0.0579800479238779,0.0992588099031121,0.0500500622423921,0.1081590169036799,group_mae,nested group-preserving selection by mean group-balanced MAE
67,Dataset I,Pb (II),2,12,Zama2017::MW450,11,3,6.02222222222222e-07,-233.96010837714263,0.0118854333958928,0.0118953015346588,LGBM,"{""learning_rate"": 0.05, ""max_depth"": -1, ""min_child_samples"": 20, ""n_estimators"": 800, ""num_leaves"": 31, ""subsample"": 0.9}",-1.0140063972760605,0.0570494694796154,0.0879622058319522,0.0505840027374966,0.0934399409792566,group_mae,nested group-preserving selection by mean group-balanced MAE
68,Dataset I,Pb (II),2,13,Zama2017::MW550,12,3,6.02222222222222e-07,0.9824022487078352,7.651056798211285e-05,0.0001029454073248,LGBM,"{""learning_rate"": 0.03, ""max_depth"": -1, ""min_child_samples"": 5, ""n_estimators"": 800, ""num_leaves"": 31, ""subsample"": 0.9}",-0.4558387226915353,0.0586971341946466,0.1001492737293659,0.0510727426324816,0.1088113697794943,group_mae,nested group-preserving selection by mean group-balanced MAE
69,Dataset I,Pb (II),2,14,Zama2017::MW650,13,3,6.02222222222222e-07,-1915.24092062794,0.0339652453827713,0.0339706176796023,LGBM,"{""learning_rate"": 0.1, ""max_depth"": -1, ""min_child_samples"": 20, ""n_estimators"": 300, ""num_leaves"": 31, ""subsample"": 0.9}",-0.9953728206720264,0.0570948570624713,0.0854843823145447,0.0510818226608683,0.0914158377456911,group_mae,nested group-preserving selection by mean group-balanced MAE
70,Dataset I,Pb (II),2,15,Zama2017::PS350,14,3,6.02222222222222e-07,-45.38624719619875,0.0052852155502608,0.0052853409414194,LGBM,"{""learning_rate"": 0.05, ""max_depth"": -1, ""min_child_samples"": 5, ""n_estimators"": 800, ""num_leaves"": 31, ""subsample"": 0.9}",-0.4869167132984969,0.0584677067008462,0.0997421716211144,0.0516139629110847,0.10917191223077,group_mae,nested group-preserving selection by mean group-balanced MAE
71,Dataset I,Pb (II),2,16,Zama2017::PS450,15,3,6.02222222222222e-07,0.8691542173766856,0.0002590893482583,0.0002807102384663,LGBM,"{""learning_rate"": 0.05, ""max_depth"": -1, ""min_child_samples"": 5, ""n_estimators"": 800, ""num_leaves"": 31, ""subsample"": 0.9}",-0.4194534421474406,0.0582938651561766,0.0990722327334509,0.0513065136500898,0.1080327295784835,group_mae,nested group-preserving selection by mean group-balanced MAE
72,Dataset I,Pb (II),2,17,Zama2017::PS550,16,3,6.02222222222222e-07,-1318.6747118306582,0.0281877357266905,0.0281910879103508,LGBM,"{""learning_rate"": 0.05, ""max_depth"": -1, ""min_child_samples"": 20, ""n_estimators"": 800, ""num_leaves"": 31, ""subsample"": 0.9}",-0.8922996325662528,0.058043485900135,0.0855064826598656,0.0515132215039909,0.0898008114607824,group_mae,nested group-preserving selection by mean group-balanced MAE
73,Dataset I,Pb (II),2,18,Zama2017::PS650,17,3,6.02222222222222e-07,-750.4485421751467,0.0212678663012137,0.0212729643198677,LGBM,"{""learning_rate"": 0.1, ""max_depth"": -1, ""min_child_samples"": 20, ""n_estimators"": 300, ""num_leaves"": 31, ""subsample"": 0.9}",-1.1521293101059975,0.0590181507434572,0.089271090711575,0.0518411439214544,0.0941667659425763,group_mae,nested group-preserving selection by mean group-balanced MAE
74,Dataset I,Pb (II),2,19,Shen2015_2017::BBH600/0.15,18,12,0.0041521390972222,0.4988972018404366,0.0375699680410325,0.0456141263203163,XGB,"{""colsample_bytree"": 0.9, ""learning_rate"": 0.03, ""max_depth"": 7, ""min_child_weight"": 3, ""n_estimators"": 800, ""subsample"": 0.9}",0.0174942673419404,0.0560120529983569,0.099053568470114,0.054114374687683,0.106741309558823,group_mae,nested group-preserving selection by mean group-balanced MAE
75,Dataset I,Pb (II),2,20,Shen2015_2017::BBH600/2.0,19,12,0.0028474630555555,0.4279135615622664,0.0320003648214042,0.0403608101756617,XGB,"{""colsample_bytree"": 0.9, ""learning_rate"": 0.03, ""max_depth"": 5, ""min_child_weight"": 3, ""n_estimators"": 800, ""subsample"": 0.9}",0.183036133820559,0.0597127687806983,0.101870741615653,0.0543475167315445,0.1065304274280497,group_mae,nested group-preserving selection by mean group-balanced MAE
76,Dataset I,Pb (II),2,21,Sun2014_Ding2016::HWC600,20,3,2.5075555555555565e-05,-2018.123703649882,0.1861762662226672,0.2250125521041253,RF,"{""max_depth"": null, ""max_features"": 1.0, ""min_samples_leaf"": 1, ""n_estimators"": 1500}",0.2493925858408862,0.0529246619349387,0.086807771804498,0.0372912286272417,0.0828924947662884,group_mae,nested group-preserving selection by mean group-balanced MAE
77,Dataset I,Pb (II),2,22,Trakal2014::NS600,21,1,0.0,,0.1635885098682797,0.1635885098682797,LGBM,"{""learning_rate"": 0.05, ""max_depth"": -1, ""min_child_samples"": 20, ""n_estimators"": 800, ""num_leaves"": 31, ""subsample"": 0.9}",-0.7325818514072353,0.0572413549448034,0.0923140361997156,0.048789400162852,0.0924100367895241,group_mae,nested group-preserving selection by mean group-balanced MAE
78,Dataset I,Pb (II),2,23,Trakal2014::WS600,22,1,0.0,,0.1950573954133325,0.1950573954133325,RF,"{""max_depth"": null, ""max_features"": 1.0, ""min_samples_leaf"": 1, ""n_estimators"": 300}",-0.1686922778034081,0.0646139192336495,0.1056769282643654,0.0525468295838752,0.1101457782410086,group_mae,nested group-preserving selection by mean group-balanced MAE
79,Dataset I,Pb (II),2,24,Trakal2014::GS600,23,1,0.0,,0.1709014395027598,0.1709014395027598,LGBM,"{""learning_rate"": 0.05, ""max_depth"": -1, ""min_child_samples"": 20, ""n_estimators"": 800, ""num_leaves"": 31, ""subsample"": 0.9}",-0.5165477296510212,0.0541925098256572,0.0888615559826082,0.044653626803441,0.0855070781957734,group_mae,nested group-preserving selection by mean group-balanced MAE
80,Dataset I,Pb (II),2,25,Trakal2014::GH600,24,1,0.0,,0.2009584470401257,0.2009584470401257,LGBM,"{""learning_rate"": 0.1, ""max_depth"": -1, ""min_child_samples"": 5, ""n_estimators"": 300, ""num_leaves"": 31, ""subsample"": 0.9}",-0.0286728108761936,0.0531978975789509,0.0907415231369049,0.0449048923532005,0.0872958428147939,group_mae,nested group-preserving selection by mean group-balanced MAE
81,Dataset I,Pb (II),2,26,Trakal2014::PS600,25,1,0.0,,0.0103447672005969,0.0103447672005969,LGBM,"{""learning_rate"": 0.1, ""max_depth"": -1, ""min_child_samples"": 20, ""n_estimators"": 800, ""num_leaves"": 31, ""subsample"": 0.9}",-0.9948395049644134,0.0588852027577039,0.092105169600563,0.0514094065201309,0.0894925837463934,group_mae,nested group-preserving selection by mean group-balanced MAE
82,Dataset I,Pb (II),2,27,Jin2020_dissertation::GP500,26,5,0.0183941299572805,0.9156800118681924,0.0347162717906661,0.0393826461743345,RF,"{""max_depth"": null, ""max_features"": 1.0, ""min_samples_leaf"": 1, ""n_estimators"": 300}",0.1841976707849447,0.0596263398397878,0.0938778674157112,0.0527792317839209,0.100866947745155,group_mae,nested group-preserving selection by mean group-balanced MAE
83,Dataset I,Pb (II),2,28,Jin2020_dissertation::GPL2700,27,5,0.0383919634184919,-1.7098053439231116,0.2824009966206666,0.3225441793539765,RF,"{""max_depth"": null, ""max_features"": 1.0, ""min_samples_leaf"": 1, ""n_estimators"": 300}",0.2686983963046601,0.0538002576307273,0.0849016164270363,0.0487401587926612,0.0912108325691732,group_mae,nested group-preserving selection by mean group-balanced MAE
84,Dataset I,Pb (II),2,29,Sakhiya2022::RSB500,28,11,0.0015164911451451,-3.06581081919473,0.0610067346234961,0.0785223923804169,XGB,"{""colsample_bytree"": 0.9, ""learning_rate"": 0.05, ""max_depth"": 7, ""min_child_weight"": 3, ""n_estimators"": 800, ""subsample"": 0.9}",0.4001214978698467,0.0505865081561822,0.0813137258861409,0.0452842549376378,0.089938281445908,group_mae,nested group-preserving selection by mean group-balanced MAE
85,Dataset I,Cu (II),3,1,Jiang2016::JWC700,0,3,3.979555555555557e-05,-0.1966408846027323,0.0066943104733331,0.0069007962441487,RF,"{""max_depth"": null, ""max_features"": 1.0, ""min_samples_leaf"": 1, ""n_estimators"": 800}",0.8284208688385396,0.0547553190557192,0.0792071564173734,0.0611493537509706,0.0937428911875287,group_mae,nested group-preserving selection by mean group-balanced MAE
86,Dataset I,Cu (II),3,2,Jiang2016::PWC700,1,3,8.955555555555557e-05,-10.229325338723816,0.0311547864091663,0.0317119609804169,RF,"{""max_depth"": null, ""max_features"": 1.0, ""min_samples_leaf"": 1, ""n_estimators"": 800}",0.826530654146033,0.0543592295033944,0.0782002232976277,0.0586226625562396,0.0925173700816211,group_mae,nested group-preserving selection by mean group-balanced MAE
87,Dataset I,Cu (II),3,3,Wang2021_invasive::BBC500,2,14,0.099861182017296,0.9228321890607076,0.0671249961421429,0.0877842173405047,RF,"{""max_depth"": null, ""max_features"": 1.0, ""min_samples_leaf"": 1, ""n_estimators"": 300}",0.58551729180366,0.0699763569215645,0.1044183208688654,0.0687429870406564,0.1120588253094391,group_mae,nested group-preserving selection by mean group-balanced MAE
88,Dataset I,Cu (II),3,4,Wang2021_invasive::PBC500,3,13,0.021007749508773,0.0161980799466808,0.0676705714771795,0.1437618318703894,RF,"{""max_depth"": null, ""max_features"": 1.0, ""min_samples_leaf"": 1, ""n_estimators"": 300}",0.6333335139327103,0.0724403858740449,0.098415243386675,0.066922134504752,0.113885692293592,group_mae,nested group-preserving selection by mean group-balanced MAE
89,Dataset I,Cu (II),3,5,Wang2021_invasive::IBC500,4,14,0.0620379374893894,0.9890311836423348,0.0177933044485718,0.0260860641632545,RF,"{""max_depth"": null, ""max_features"": 1.0, ""min_samples_leaf"": 1, ""n_estimators"": 300}",0.6253496729686401,0.0719706853285085,0.1036470601351791,0.0690717286772724,0.1077557107560604,group_mae,nested group-preserving selection by mean group-balanced MAE
90,Dataset I,Cu (II),3,6,Wang2021_invasive::MBC500,5,14,0.0830600124576864,0.9900363540300242,0.0212362971921431,0.028767699914838,RF,"{""max_depth"": null, ""max_features"": 1.0, ""min_samples_leaf"": 1, ""n_estimators"": 800}",0.6046548761000381,0.0769830700994649,0.111704835604668,0.0722306438420947,0.1127349454703508,group_mae,nested group-preserving selection by mean group-balanced MAE
91,Dataset I,Cu (II),3,7,Wang2021_invasive::LBC500,6,14,0.0383294958910267,0.689515182762857,0.0797679953728571,0.109090451124364,RF,"{""max_depth"": null, ""max_features"": 1.0, ""min_samples_leaf"": 1, ""n_estimators"": 300}",0.4848047313158424,0.0612078522987737,0.0980441348849514,0.0568452328355176,0.1109831052598744,group_mae,nested group-preserving selection by mean group-balanced MAE
92,Dataset I,Cu (II),3,8,Nie2019::BC400,7,10,0.0138978250879328,0.7219657347680952,0.0514760013438647,0.0621616568846499,RF,"{""max_depth"": null, ""max_features"": 1.0, ""min_samples_leaf"": 1, ""n_estimators"": 1500}",0.8052860980554513,0.0579339739463061,0.0833874747024522,0.0567765121632958,0.099662552537571,group_mae,nested group-preserving selection by mean group-balanced MAE
93,Dataset I,Cu (II),3,9,Nie2019::BC600,8,10,0.0345033209225614,0.4399832102492953,0.124603620084,0.139005176230208,RF,"{""max_depth"": null, ""max_features"": 1.0, ""min_samples_leaf"": 1, ""n_estimators"": 300}",0.7753925457633416,0.0519321346185676,0.0813866677896314,0.046369402036745,0.0893375478184774,group_mae,nested group-preserving selection by mean group-balanced MAE
94,Dataset I,Ni (II),4,1,Shen2017_Ni::WSP550,0,16,0.0751353455859375,0.9797753607419232,0.0323582301467657,0.0389818580881738,XGB,"{""colsample_bytree"": 0.9, ""learning_rate"": 0.1, ""max_depth"": 3, ""min_child_weight"": 1, ""n_estimators"": 300, ""subsample"": 0.9}",0.867022471720949,0.0695298123091848,0.081299097553896,0.0695298123091848,0.0941582140846079,group_mae,nested group-preserving selection by mean group-balanced MAE
95,Dataset I,Ni (II),4,2,Shen2017_Ni::WSP700,1,14,0.0688065795918367,0.7758535751325095,0.1058519053012132,0.124188360255181,XGB,"{""colsample_bytree"": 0.9, ""learning_rate"": 0.1, ""max_depth"": 3, ""min_child_weight"": 1, ""n_estimators"": 300, ""subsample"": 0.9}",0.9607944018656198,0.0411694854673371,0.0475688199858055,0.0411694854673371,0.0476927242906463,group_mae,nested group-preserving selection by mean group-balanced MAE
96,Dataset I,Ni (II),4,3,Shen2017_Ni::RH550,2,18,0.0774236379320987,0.9648150549451256,0.0457389749440882,0.0521933563453183,XGB,"{""colsample_bytree"": 0.9, ""learning_rate"": 0.1, ""max_depth"": 3, ""min_child_weight"": 1, ""n_estimators"": 800, ""subsample"": 0.9}",0.934649792709357,0.0446829330275508,0.0547036855675499,0.0446829330275508,0.065589600549779,group_mae,nested group-preserving selection by mean group-balanced MAE
97,Dataset I,Ni (II),4,4,Shen2017_Ni::RH700,3,17,0.0412960370242214,0.9379203688534964,0.0454367360213223,0.050632427813369,XGB,"{""colsample_bytree"": 0.9, ""learning_rate"": 0.1, ""max_depth"": 3, ""min_child_weight"": 1, ""n_estimators"": 800, ""subsample"": 0.9}",0.8889361210486801,0.0755745357790735,0.088625645014304,0.0755745357790735,0.089696568665481,group_mae,nested group-preserving selection by mean group-balanced MAE
98,Dataset I,As (III),5,1,Zama2017::BWH350,0,3,1.799999999999999e-07,0.3269861325103148,0.0002988840003808,0.0003480553061628,XGB,"{""colsample_bytree"": 0.9, ""learning_rate"": 0.05, ""max_depth"": 3, ""min_child_weight"": 1, ""n_estimators"": 800, ""subsample"": 0.9}",-0.0363050894617231,0.000853891270633,0.0010158944996819,0.000862131592292,0.0010843356782098,group_mae,nested group-preserving selection by mean group-balanced MAE
99,Dataset I,As (III),5,2,Zama2017::BWH450,1,3,4.955555555555557e-07,-0.8735378707406842,0.0007171781376004,0.000963557004224,XGB,"{""colsample_bytree"": 0.9, ""learning_rate"": 0.05, ""max_depth"": 3, ""min_child_weight"": 1, ""n_estimators"": 800, ""subsample"": 0.9}",0.0229762932677241,0.0007731497713866,0.0009373512675967,0.000811033721501,0.0010561681953377,group_mae,nested group-preserving selection by mean group-balanced MAE
100,Dataset I,As (III),5,3,Zama2017::BWH550,2,3,4.68888888888889e-07,-1.3185999349206372,0.0008165753846367,0.0010426724064934,XGB,"{""colsample_bytree"": 0.9, ""learning_rate"": 0.03, ""max_depth"": 5, ""min_child_weight"": 1, ""n_estimators"": 300, ""subsample"": 0.9}",-0.3084587067872836,0.000846098906658,0.0010179964904467,0.0008634910063552,0.001100184255713,group_mae,nested group-preserving selection by mean group-balanced MAE
101,Dataset I,As (III),5,4,Zama2017::BWH650,3,3,9.555555555555549e-08,-2.409508219662463,0.0004392223338286,0.0005707866957989,XGB,"{""colsample_bytree"": 0.9, ""learning_rate"": 0.05, ""max_depth"": 3, ""min_child_weight"": 1, ""n_estimators"": 300, ""subsample"": 0.9}",-0.0815427770413872,0.0008651138044785,0.001018249839142,0.0008595402911394,0.0010596830622316,group_mae,nested group-preserving selection by mean group-balanced MAE
102,Dataset I,As (III),5,5,Zama2017::CC350,4,3,1.422222222222222e-07,-1.5997365933204386,0.0005221651534239,0.0006080627562139,XGB,"{""colsample_bytree"": 0.9, ""learning_rate"": 0.03, ""max_depth"": 5, ""min_child_weight"": 1, ""n_estimators"": 300, ""subsample"": 0.9}",-0.2451511956909244,0.0008933536025592,0.0010528337883529,0.0008963069560871,0.0010919404931511,group_mae,nested group-preserving selection by mean group-balanced MAE
103,Dataset I,As (III),5,6,Zama2017::CC450,5,2,6.250000000000001e-08,-5.409837785327999,0.000607481348142,0.00063294143614,XGB,"{""colsample_bytree"": 0.9, ""learning_rate"": 0.1, ""max_depth"": 5, ""min_child_weight"": 1, ""n_estimators"": 800, ""subsample"": 0.9}",0.0879033654420878,0.000895453305797,0.0010307161341957,0.0009157024295601,0.0011226212119025,group_mae,nested group-preserving selection by mean group-balanced MAE
104,Dataset I,As (III),5,7,Zama2017::CC550,6,3,2.2222222222222196e-09,-1030.181656877416,0.0015091820588956,0.0015137750140165,XGB,"{""colsample_bytree"": 0.9, ""learning_rate"": 0.1, ""max_depth"": 3, ""min_child_weight"": 3, ""n_estimators"": 800, ""subsample"": 0.9}",-0.2296325379286329,0.0008340410018122,0.0010119256064043,0.0008322598506785,0.0010348479416052,group_mae,nested group-preserving selection by mean group-balanced MAE
105,Dataset I,As (III),5,8,Zama2017::CC650,7,3,1.666666666666666e-07,-11.339343976844164,0.0013802008494734,0.0014340701968432,XGB,"{""colsample_bytree"": 0.9, ""learning_rate"": 0.03, ""max_depth"": 5, ""min_child_weight"": 1, ""n_estimators"": 800, ""subsample"": 0.9}",0.052886164779262,0.0008217053467516,0.000982902484631,0.0008248157629233,0.0010527776013138,group_mae,nested group-preserving selection by mean group-balanced MAE
106,Dataset I,As (III),5,9,Zama2017::MW350,8,3,2.2222222222222238e-09,-2963.0837956518376,0.002557351929446,0.0025664864852997,XGB,"{""colsample_bytree"": 0.9, ""learning_rate"": 0.03, ""max_depth"": 3, ""min_child_weight"": 3, ""n_estimators"": 800, ""subsample"": 0.9}",0.1693480599997765,0.0008576708782376,0.000979188543744,0.0008018182372186,0.0009978642922912,group_mae,nested group-preserving selection by mean group-balanced MAE
107,Dataset I,As (III),5,10,Zama2017::MW550,9,3,2.2222222222222238e-09,-2693.227427303088,0.0024464157125172,0.0024468698495574,LGBM,"{""learning_rate"": 0.03, ""max_depth"": -1, ""min_child_samples"": 20, ""n_estimators"": 300, ""num_leaves"": 31, ""subsample"": 0.9}",-0.1606156660197213,0.0010225252001458,0.0012021564763259,0.0009510872678739,0.0011864681043857,group_mae,nested group-preserving selection by mean group-balanced MAE
108,Dataset I,As (III),5,11,Zama2017::MW650,10,3,8.888888888888892e-09,-105.13045787569968,0.0009634522732968,0.0009712784604756,XGB,"{""colsample_bytree"": 0.9, ""learning_rate"": 0.1, ""max_depth"": 3, ""min_child_weight"": 1, ""n_estimators"": 800, ""subsample"": 0.9}",-0.2687193612205495,0.0009274301701359,0.0011235876487718,0.0008673723739394,0.0011102316064409,group_mae,nested group-preserving selection by mean group-balanced MAE
109,Dataset I,As (III),5,12,Zama2017::PS350,11,3,2.822222222222223e-07,-0.7543376218095121,0.0005581832742939,0.0007036427091607,XGB,"{""colsample_bytree"": 0.9, ""learning_rate"": 0.1, ""max_depth"": 3, ""min_child_weight"": 1, ""n_estimators"": 800, ""subsample"": 0.9}",0.1305696568242378,0.0009332489481154,0.0011328784162248,0.00086942887814,0.001123913920716,group_mae,nested group-preserving selection by mean group-balanced MAE
110,Dataset I,As (III),5,13,Zama2017::PS450,12,2,3.9999999999999994e-08,-17.294998283670193,0.0008188397208228,0.0008554530561911,XGB,"{""colsample_bytree"": 0.9, ""learning_rate"": 0.1, ""max_depth"": 5, ""min_child_weight"": 1, ""n_estimators"": 800, ""subsample"": 0.9}",0.1377210991969914,0.0008183957061616,0.0009823010723908,0.0008318532482765,0.0010396337750703,group_mae,nested group-preserving selection by mean group-balanced MAE
111,Dataset I,As (III),5,14,Zama2017::PS550,13,3,6.000000000000006e-08,-31.7638418243127,0.001391105298046,0.0014020807785069,XGB,"{""colsample_bytree"": 0.9, ""learning_rate"": 0.05, ""max_depth"": 3, ""min_child_weight"": 3, ""n_estimators"": 800, ""subsample"": 0.9}",0.172620095098866,0.0009271459244189,0.0010842398142501,0.0008711082551096,0.0011249910424931,group_mae,nested group-preserving selection by mean group-balanced MAE
112,Dataset I,As (III),5,15,Zama2017::PS650,14,3,1.555555555555557e-08,-5.575144679528696,0.0003176263899852,0.0003198124893562,XGB,"{""colsample_bytree"": 0.9, ""learning_rate"": 0.05, ""max_depth"": 5, ""min_child_weight"": 3, ""n_estimators"": 800, ""subsample"": 0.9}",-0.0018318669460976,0.0009740815638041,0.0011394973907551,0.0009162150770869,0.0011287133392806,group_mae,nested group-preserving selection by mean group-balanced MAE
113,Dataset II,Sr (II),6,1,Shin2021_Alkaline::SCWB-P,0,78,1.5580766786711824,0.7142802017744055,0.5726464252525635,0.6672131250582041,XGB,"{""colsample_bytree"": 0.9, ""learning_rate"": 0.05, ""max_depth"": 7, ""min_child_weight"": 3, ""n_estimators"": 300, ""subsample"": 0.9}",-0.8115195845795137,2.338951256029649,3.007385647410416,2.117317170138238,3.196798336433872,group_mae,nested group-preserving selection by mean group-balanced MAE
114,Dataset II,Sr (II),6,2,Shin2021_Alkaline::SCWB-A,1,78,2.118712216201525,-0.5532654808220225,1.7062624113455178,1.814090005821584,RF,"{""max_depth"": null, ""max_features"": 1.0, ""min_samples_leaf"": 1, ""n_estimators"": 800}",-0.4614238196603934,2.137009421505589,2.8961924276188173,1.920389931787836,3.0601425662567507,group_mae,nested group-preserving selection by mean group-balanced MAE
115,Dataset II,Sr (II),6,3,Shin2021_Strontium::CBC500,2,63,1.2497420226757363,-1.4792370928563816,1.6115901186156003,1.760229183691444,RF,"{""max_depth"": null, ""max_features"": 1.0, ""min_samples_leaf"": 1, ""n_estimators"": 300}",-0.2867710479831397,2.2212145919392627,2.8718141568623605,2.1026872993691685,3.108198028234105,group_mae,nested group-preserving selection by mean group-balanced MAE
116,Dataset II,Sr (II),6,4,Shin2021_Strontium::PAC,3,61,0.5759865520021499,-0.4095354815620688,0.8152022316074313,0.9010402221597136,RF,"{""max_depth"": 18, ""max_features"": 1.0, ""min_samples_leaf"": 1, ""n_estimators"": 800}",-0.4519506514066259,2.208510371592513,2.910661346651042,2.036202792200378,3.125230698838396,group_mae,nested group-preserving selection by mean group-balanced MAE
117,Dataset II,Sr (II),6,5,Shin2021_Magnetic::SCG,4,84,327.3967944720265,0.9723832541749488,1.6109856859987088,3.006931003011294,RF,"{""max_depth"": null, ""max_features"": 1.0, ""min_samples_leaf"": 1, ""n_estimators"": 1500}",-0.8160382900240248,4.671734134052274,6.475170582364344,4.729821403340884,10.42738551024521,group_mae,nested group-preserving selection by mean group-balanced MAE
118,Dataset II,Sr (II),6,6,Shin2021_Magnetic::Fe@SCG,5,84,288.2861063477277,0.971602401398241,1.5014819086219755,2.86122930408012,XGB,"{""colsample_bytree"": 0.9, ""learning_rate"": 0.1, ""max_depth"": 7, ""min_child_weight"": 1, ""n_estimators"": 300, ""subsample"": 0.9}",-1.4776462234815733,4.864530742928625,6.880146429597838,4.834246160033064,10.79285310934826,group_mae,nested group-preserving selection by mean group-balanced MAE
119,Dataset II,Sr (II),6,7,Shin2022_Postmodification::RCWB-P,6,105,3.003582847685895,0.8736038468415982,0.5524365222110191,0.616150401801423,XGB,"{""colsample_bytree"": 0.9, ""learning_rate"": 0.1, ""max_depth"": 7, ""min_child_weight"": 1, ""n_estimators"": 300, ""subsample"": 0.9}",-1.0935036175033317,2.630520272589359,3.344702835935899,2.032349977823748,3.1762797898363457,group_mae,nested group-preserving selection by mean group-balanced MAE
120,Dataset II,Sr (II),6,8,Shin2022_Postmodification::RCWB-HP,7,105,3.3537277063411177,-6.698652360148187,4.699394405721931,5.081258084541408,XGB,"{""colsample_bytree"": 0.9, ""learning_rate"": 0.1, ""max_depth"": 7, ""min_child_weight"": 3, ""n_estimators"": 300, ""subsample"": 0.9}",-0.6125775864089567,2.597002284349535,3.2718168850238065,2.13100657935857,3.120688060272003,group_mae,nested group-preserving selection by mean group-balanced MAE
121,Dataset II,Sr (II),6,9,Shin2022_Postmodification::RCWB-NHP,8,105,13.03070832510716,-1.3402452445894664,5.038029710801752,5.522232627431083,RF,"{""max_depth"": 18, ""max_features"": 1.0, ""min_samples_leaf"": 1, ""n_estimators"": 800}",0.768291162064753,0.9353717064408992,1.495877035463573,1.0077300250324843,1.7921240462254313,group_mae,nested group-preserving selection by mean group-balanced MAE
122,Dataset II,Fe (III),7,1,Kim2020_Banana::BPB,0,30,12167.688311998292,0.4961527971305444,55.98455659170842,78.29850395370084,RF,"{""max_depth"": null, ""max_features"": 1.0, ""min_samples_leaf"": 4, ""n_estimators"": 300}",-202.34530784070984,65.260469817483,71.95736707244266,65.26046981748301,135.891289423199,group_mae,nested group-preserving selection by mean group-balanced MAE
123,Dataset II,Fe (III),7,2,Kim2020_Banana::PBPB,1,30,13760.98316928122,0.3713581518318302,80.8988195150528,93.00930003041644,RF,"{""max_depth"": null, ""max_features"": 1.0, ""min_samples_leaf"": 4, ""n_estimators"": 1500}",-713.29148570361,62.10481740257565,68.42713196822515,62.104817402575655,128.1043110481618,group_mae,nested group-preserving selection by mean group-balanced MAE
124,Dataset II,Fe (III),7,3,Seo2020_Peanut::PB,2,22,0.0452156437536064,-4222.040743707425,12.81392789855042,13.818375657957786,XGB,"{""colsample_bytree"": 0.9, ""learning_rate"": 0.1, ""max_depth"": 7, ""min_child_weight"": 1, ""n_estimators"": 800, ""subsample"": 0.9}",-1430.6241435361053,22.426871408230383,31.410914065108216,22.426871408230383,33.26619505566907,group_mae,nested group-preserving selection by mean group-balanced MAE
125,Dataset II,Fe (III),7,4,Seo2020_Peanut::PB-Ox,3,22,0.0615421362237689,0.689331568077665,0.1230107591169215,0.138272191556325,RF,"{""max_depth"": null, ""max_features"": 1.0, ""min_samples_leaf"": 1, ""n_estimators"": 300}",-4169.777371748458,27.16808574617229,33.88746406979443,27.16808574617229,39.46460131067007,group_mae,nested group-preserving selection by mean group-balanced MAE
126,Dataset II,Fe (III),7,5,Seo2020_Peanut::PB-Ox-A,4,22,0.7074527671459877,-749.3201176280605,22.772223121810104,23.039445380939064,XGB,"{""colsample_bytree"": 0.9, ""learning_rate"": 0.1, ""max_depth"": 7, ""min_child_weight"": 1, ""n_estimators"": 800, ""subsample"": 0.9}",-1600.5842113428198,16.84285335297318,25.81644443396091,16.84285335297318,31.055068460554512,group_mae,nested group-preserving selection by mean group-balanced MAE
127,Dataset II,Cr(VI),8,1,Seo2020_Peanut::PB,0,25,1.0455945994042453,-5.577911379147457,2.4644643506008337,2.62256146036586,RF,"{""max_depth"": null, ""max_features"": 1.0, ""min_samples_leaf"": 1, ""n_estimators"": 1500}",-95.76318953965588,3.712581803296524,3.8719886117329754,3.712581803296524,3.8726453124952576,group_mae,nested group-preserving selection by mean group-balanced MAE
128,Dataset II,Cr(VI),8,2,Seo2020_Peanut::PB-Ox,1,25,0.0779772324944316,-101.85710157594325,2.6915034964779982,2.832050868768196,RF,"{""max_depth"": null, ""max_features"": 1.0, ""min_samples_leaf"": 1, ""n_estimators"": 1500}",-0.3185152859747203,1.2677034838837633,1.3581811450136347,1.2677034838837633,1.3626864445513247,group_mae,nested group-preserving selection by mean group-balanced MAE
129,Dataset II,Cr(VI),8,3,Seo2020_Peanut::PB-Ox-A,2,25,1.8783136190325609,-1.6241292102766751,2.056311229784078,2.220121085383371,RF,"{""max_depth"": null, ""max_features"": ""sqrt"", ""min_samples_leaf"": 1, ""n_estimators"": 1500}",-42.95656907998235,2.445784871791794,2.570057065607501,2.445784871791794,2.570574907716764,group_mae,nested group-preserving selection by mean group-balanced MAE
130,Dataset III,Ibuprofen,9,1,Kwak2020_Pine::PB600,0,81,6.039105188127815,-31.315896510662988,13.400499479212714,13.96993551440186,RF,"{""max_depth"": null, ""max_features"": ""sqrt"", ""min_samples_leaf"": 1, ""n_estimators"": 300}",-0.0015083057192452,24.13062068193989,31.16004424949056,26.17472065330699,37.08618378903874,group_mae,nested group-preserving selection by mean group-balanced MAE
131,Dataset III,Ibuprofen,9,2,Kwak2020_Pine::PB800,1,81,21.500395636928744,-16.970022173831428,17.041525620593806,19.656108117879235,RF,"{""max_depth"": 18, ""max_features"": 1.0, ""min_samples_leaf"": 2, ""n_estimators"": 1500}",0.3506959147872506,16.136937177654847,22.67865765055178,17.002769168807703,24.308178250846264,group_mae,nested group-preserving selection by mean group-balanced MAE
132,Dataset III,Ibuprofen,9,3,Shin2019_Pharmaceuticals::C-Biochar,2,54,4504.191434232589,-0.6280632287513881,68.5767804076141,85.63357080801346,RF,"{""max_depth"": null, ""max_features"": ""sqrt"", ""min_samples_leaf"": 1, ""n_estimators"": 300}",-8.741612363980831,19.5023662163582,25.833975016434483,19.417029180894083,27.921739162305407,group_mae,nested group-preserving selection by mean group-balanced MAE
133,Dataset III,Ibuprofen,9,4,Shin2019_Pharmaceuticals::PAC,3,54,2564.053582617824,0.6429147050115996,23.7335794227867,30.25864884483692,RF,"{""max_depth"": 18, ""max_features"": ""sqrt"", ""min_samples_leaf"": 2, ""n_estimators"": 300}",-13.72430644453048,22.3942212770183,30.723000691126163,24.594783030694582,38.38324268686496,group_mae,nested group-preserving selection by mean group-balanced MAE
134,Dataset III,Ibuprofen,9,5,Shin2020_Micropollutants::Pristine SCG biochar,4,130,16.388352034182684,-14.893793578692083,15.101169811062364,16.139178551780077,RF,"{""max_depth"": 18, ""max_features"": 1.0, ""min_samples_leaf"": 2, ""n_estimators"": 300}",0.0484517100833858,22.844881725751254,29.049624529113817,21.602129006568607,29.99982736337976,group_mae,nested group-preserving selection by mean group-balanced MAE
135,Dataset III,Ibuprofen,9,6,Shin2020_Micropollutants::Alkali-modified SCG biochars,5,137,400.8869731594759,-0.7045030770682337,18.731671531295174,26.140257827858107,RF,"{""max_depth"": 18, ""max_features"": 1.0, ""min_samples_leaf"": 2, ""n_estimators"": 300}",-0.2723685199799249,22.39194445926633,28.39579591021161,23.20777040289233,31.343147509275813,group_mae,nested group-preserving selection by mean group-balanced MAE
136,Dataset III,Ibuprofen,9,7,Shin2021_Competitive::Pristine SCW Biochar,6,147,25.600876531517397,-60.63267373851973,39.44772101775179,39.72216598685346,XGB,"{""colsample_bytree"": 0.9, ""learning_rate"": 0.1, ""max_depth"": 7, ""min_child_weight"": 3, ""n_estimators"": 300, ""subsample"": 0.9}",0.0631000927213003,22.305818852603963,30.78182537985584,21.758577963625005,33.56514082406731,group_mae,nested group-preserving selection by mean group-balanced MAE
137,Dataset III,Ibuprofen,9,8,Shin2021_Competitive::NaOH-activated SCW biochars,7,162,355.0998523987823,-3.694121575714528,38.5477461124854,40.827464759376966,RF,"{""max_depth"": 18, ""max_features"": 1.0, ""min_samples_leaf"": 1, ""n_estimators"": 1500}",-5.577593014552162,21.318340491746103,28.01330018007148,19.90267457753824,28.178601139042737,group_mae,nested group-preserving selection by mean group-balanced MAE
138,Dataset III,Ibuprofen,9,9,Shin2022_Ibuprofen::CB,8,168,16.571657084517295,0.9503902624332788,0.6909445572217253,0.9067058834090568,RF,"{""max_depth"": null, ""max_features"": 1.0, ""min_samples_leaf"": 1, ""n_estimators"": 1500}",-4.16248043134659,27.595289047200342,32.69310310368903,24.54859440323942,31.768848989766195,group_mae,nested group-preserving selection by mean group-balanced MAE
139,Dataset III,Ibuprofen,9,10,Shin2022_Ibuprofen::MCB,9,168,17.22151014720921,-165.1261868630235,50.25674044164461,53.48779124976776,RF,"{""max_depth"": null, ""max_features"": 1.0, ""min_samples_leaf"": 1, ""n_estimators"": 1500}",-0.4755783434445899,15.800849396562302,21.82534508594495,16.239523698335965,23.43239458267326,group_mae,nested group-preserving selection by mean group-balanced MAE
140,Dataset III,Ibuprofen,9,11,Shin2022_Ibuprofen::AMCB,10,168,546.6909399249944,-2.191219856094727,37.51165356455592,41.76854058541825,RF,"{""max_depth"": 18, ""max_features"": ""sqrt"", ""min_samples_leaf"": 1, ""n_estimators"": 1500}",-2.953761624835196,22.305674450619783,29.20825687104359,24.160926848744356,35.54799299715918,group_mae,nested group-preserving selection by mean group-balanced MAE
141,Dataset III,CBZ,10,1,Kwak2020_Pine::PB600,0,81,7.41154000172568,-62.6178230040197,21.597359780544465,21.71418983100673,RF,"{""max_depth"": 18, ""max_features"": 1.0, ""min_samples_leaf"": 1, ""n_estimators"": 800}",-21.510882390625436,32.988023305834616,37.80215514087395,32.988023305834616,41.87497167922521,group_mae,nested group-preserving selection by mean group-balanced MAE
142,Dataset III,CBZ,10,2,Kwak2020_Pine::PB800,1,81,28.54162665815561,-3.268517511929216,10.698917901088024,11.037682420204115,RF,"{""max_depth"": null, ""max_features"": 1.0, ""min_samples_leaf"": 1, ""n_estimators"": 300}",-71.78699045186201,35.088494679534705,39.88472829098424,35.088494679534705,44.33885763880109,group_mae,nested group-preserving selection by mean group-balanced MAE
143,Dataset III,CBZ,10,3,Shin2019_Pharmaceuticals::C-Biochar,2,54,5351.384405746815,-1.5418046407718404,105.13858975603507,116.6283572596361,XGB,"{""colsample_bytree"": 0.9, ""learning_rate"": 0.03, ""max_depth"": 5, ""min_child_weight"": 3, ""n_estimators"": 300, ""subsample"": 0.9}",-5.296069350525743,21.227984377106104,27.41604612453787,21.227984377106104,42.89742559553076,group_mae,nested group-preserving selection by mean group-balanced MAE
144,Dataset III,CBZ,10,4,Shin2019_Pharmaceuticals::PAC,3,54,3102.7528004433448,-1.678836434001099,73.57618119094418,91.16889407866356,LGBM,"{""learning_rate"": 0.05, ""max_depth"": -1, ""min_child_samples"": 20, ""n_estimators"": 300, ""num_leaves"": 31, ""subsample"": 0.9}",-5.8011231027354935,30.72707313045789,37.03110476541743,30.72707313045789,60.6623144551149,group_mae,nested group-preserving selection by mean group-balanced MAE
145,Dataset III,CBZ,10,5,Shin2020_Micropollutants::Pristine SCG biochar,4,130,18.331524527671306,-33.629254753369736,24.051098197447487,25.195377212623256,RF,"{""max_depth"": 18, ""max_features"": 1.0, ""min_samples_leaf"": 2, ""n_estimators"": 800}",-7.183502589683805,26.60744609787069,30.7980621762675,26.607446097870696,35.014851636519566,group_mae,nested group-preserving selection by mean group-balanced MAE
146,Dataset III,CBZ,10,6,Shin2020_Micropollutants::Alkali-modified SCG biochars,5,126,269.87863151556513,0.2127784300059162,6.5783352236229815,14.57581147001902,RF,"{""max_depth"": 18, ""max_features"": ""sqrt"", ""min_samples_leaf"": 1, ""n_estimators"": 300}",-28.329496355824325,38.451050960936,42.5066904890778,38.451050960936,49.844836491157466,group_mae,nested group-preserving selection by mean group-balanced MAE
